<?xml version="1.0" encoding="utf-8"?><!-- Copyright (c) Microsoft Corporation.  All rights reserved. --><GroupPolicyBackupScheme bkp:version="2.0" bkp:type="GroupPolicyBackupTemplate" xmlns:bkp="http://www.microsoft.com/GroupPolicy/GPOOperations" xmlns="http://www.microsoft.com/GroupPolicy/GPOOperations">
    <GroupPolicyObject><SecurityGroups><Group bkp:Source="FromDACL"><Sid><![CDATA[S-1-5-21-2844396306-236664143-89929233-512]]></Sid><SamAccountName><![CDATA[Domain Admins]]></SamAccountName><Type><![CDATA[GlobalGroup]]></Type><NetBIOSDomainName><![CDATA[CGLABS]]></NetBIOSDomainName><DnsDomainName><![CDATA[cglabs.work]]></DnsDomainName><UPN><![CDATA[Domain Admins@cglabs.work]]></UPN></Group><Group bkp:Source="FromDACL"><Sid><![CDATA[S-1-5-21-2844396306-236664143-89929233-519]]></Sid><SamAccountName><![CDATA[Enterprise Admins]]></SamAccountName><Type><![CDATA[UniversalGroup]]></Type><NetBIOSDomainName><![CDATA[CGLABS]]></NetBIOSDomainName><DnsDomainName><![CDATA[cglabs.work]]></DnsDomainName><UPN><![CDATA[Enterprise Admins@cglabs.work]]></UPN></Group></SecurityGroups><FilePaths/><GroupPolicyCoreSettings><ID><![CDATA[{9027AADC-45CC-44C0-B6E8-0CB5E5E21DF1}]]></ID><Domain><![CDATA[cglabs.work]]></Domain><SecurityDescriptor>01 00 04 9c 00 00 00 00 00 00 00 00 00 00 00 00 14 00 00 00 04 00 ec 00 08 00 00 00 05 02 28 00 00 01 00 00 01 00 00 00 8f fd ac ed b3 ff d1 11 b4 1d 00 a0 c9 68 f9 39 01 01 00 00 00 00 00 05 0b 00 00 00 00 00 24 00 ff 00 0f 00 01 05 00 00 00 00 00 05 15 00 00 00 12 0b 8a a9 4f 35 1b 0e 11 36 5c 05 00 02 00 00 00 02 24 00 ff 00 0f 00 01 05 00 00 00 00 00 05 15 00 00 00 12 0b 8a a9 4f 35 1b 0e 11 36 5c 05 00 02 00 00 00 02 24 00 ff 00 0f 00 01 05 00 00 00 00 00 05 15 00 00 00 12 0b 8a a9 4f 35 1b 0e 11 36 5c 05 07 02 00 00 00 02 14 00 94 00 02 00 01 01 00 00 00 00 00 05 09 00 00 00 00 02 14 00 94 00 02 00 01 01 00 00 00 00 00 05 0b 00 00 00 00 02 14 00 ff 00 0f 00 01 01 00 00 00 00 00 05 12 00 00 00 00 0a 14 00 ff 00 0f 00 01 01 00 00 00 00 00 03 00 00 00 00</SecurityDescriptor><DisplayName><![CDATA[AVDPolicy]]></DisplayName><Options><![CDATA[0]]></Options><UserVersionNumber><![CDATA[851981]]></UserVersionNumber><MachineVersionNumber><![CDATA[6619237]]></MachineVersionNumber><MachineExtensionGuids><![CDATA[[{35378EAC-683F-11D2-A89A-00C04FBBCFA2}{D02B1F72-3407-48AE-BA88-E8213C6761F1}][{7933F41E-56F8-41D6-A31C-4148A711EE93}{D02B1F72-3407-48AE-BA88-E8213C6761F1}][{C631DF4C-088F-4156-B058-4375F0853CD8}{D02B1F72-3407-48AE-BA88-E8213C6761F1}]]]></MachineExtensionGuids><UserExtensionGuids><![CDATA[[{35378EAC-683F-11D2-A89A-00C04FBBCFA2}{D02B1F73-3407-48AE-BA88-E8213C6761F1}]]]></UserExtensionGuids><WMIFilter/></GroupPolicyCoreSettings> 
        <GroupPolicyExtension bkp:ID="{35378EAC-683F-11D2-A89A-00C04FBBCFA2}" bkp:DescName="Registry">
            <FSObjectFile bkp:Path="%GPO_MACH_FSPATH%\registry.pol" bkp:SourceExpandedPath="\\cglabsazdc01.cglabs.work\sysvol\cglabs.work\Policies\{9027AADC-45CC-44C0-B6E8-0CB5E5E21DF1}\Machine\registry.pol" bkp:Location="DomainSysvol\GPO\Machine\registry.pol"/>
            <FSObjectFile bkp:Path="%GPO_USER_FSPATH%\registry.pol" bkp:SourceExpandedPath="\\cglabsazdc01.cglabs.work\sysvol\cglabs.work\Policies\{9027AADC-45CC-44C0-B6E8-0CB5E5E21DF1}\User\registry.pol" bkp:Location="DomainSysvol\GPO\User\registry.pol"/>
            <FSObjectFile bkp:Path="%GPO_FSPATH%\Adm\*.*" bkp:SourceExpandedPath="\\cglabsazdc01.cglabs.work\sysvol\cglabs.work\Policies\{9027AADC-45CC-44C0-B6E8-0CB5E5E21DF1}\Adm\*.*"/>
        </GroupPolicyExtension>
        
        
        
        
        
        
        
        
        
    <GroupPolicyExtension bkp:ID="{F15C46CD-82A0-4C2D-A210-5D0D3182A418}" bkp:DescName="Unknown Extension"><FSObjectDir bkp:Path="%GPO_MACH_FSPATH%\Applications" bkp:SourceExpandedPath="\\cglabsazdc01.cglabs.work\sysvol\cglabs.work\Policies\{9027AADC-45CC-44C0-B6E8-0CB5E5E21DF1}\Machine\Applications" bkp:Location="DomainSysvol\GPO\Machine\Applications"/><FSObjectFile bkp:Path="%GPO_MACH_FSPATH%\comment.cmtx" bkp:SourceExpandedPath="\\cglabsazdc01.cglabs.work\sysvol\cglabs.work\Policies\{9027AADC-45CC-44C0-B6E8-0CB5E5E21DF1}\Machine\comment.cmtx" bkp:Location="DomainSysvol\GPO\Machine\comment.cmtx"/><FSObjectDir bkp:Path="%GPO_MACH_FSPATH%\Microsoft" bkp:SourceExpandedPath="\\cglabsazdc01.cglabs.work\sysvol\cglabs.work\Policies\{9027AADC-45CC-44C0-B6E8-0CB5E5E21DF1}\Machine\Microsoft" bkp:Location="DomainSysvol\GPO\Machine\Microsoft"/><FSObjectDir bkp:Path="%GPO_MACH_FSPATH%\Microsoft\Windows NT" bkp:SourceExpandedPath="\\cglabsazdc01.cglabs.work\sysvol\cglabs.work\Policies\{9027AADC-45CC-44C0-B6E8-0CB5E5E21DF1}\Machine\Microsoft\Windows NT" bkp:Location="DomainSysvol\GPO\Machine\Microsoft\Windows NT"/><FSObjectDir bkp:Path="%GPO_MACH_FSPATH%\Microsoft\Windows NT\SecEdit" bkp:SourceExpandedPath="\\cglabsazdc01.cglabs.work\sysvol\cglabs.work\Policies\{9027AADC-45CC-44C0-B6E8-0CB5E5E21DF1}\Machine\Microsoft\Windows NT\SecEdit" bkp:Location="DomainSysvol\GPO\Machine\Microsoft\Windows NT\SecEdit"/><FSObjectFile bkp:Path="%GPO_MACH_FSPATH%\Microsoft\Windows NT\SecEdit\GptTmpl.inf" bkp:SourceExpandedPath="\\cglabsazdc01.cglabs.work\sysvol\cglabs.work\Policies\{9027AADC-45CC-44C0-B6E8-0CB5E5E21DF1}\Machine\Microsoft\Windows NT\SecEdit\GptTmpl.inf" bkp:Location="DomainSysvol\GPO\Machine\Microsoft\Windows NT\SecEdit\GptTmpl.inf"/><FSObjectDir bkp:Path="%GPO_MACH_FSPATH%\Scripts" bkp:SourceExpandedPath="\\cglabsazdc01.cglabs.work\sysvol\cglabs.work\Policies\{9027AADC-45CC-44C0-B6E8-0CB5E5E21DF1}\Machine\Scripts" bkp:Location="DomainSysvol\GPO\Machine\Scripts"/><FSObjectDir bkp:Path="%GPO_MACH_FSPATH%\Scripts\Shutdown" bkp:SourceExpandedPath="\\cglabsazdc01.cglabs.work\sysvol\cglabs.work\Policies\{9027AADC-45CC-44C0-B6E8-0CB5E5E21DF1}\Machine\Scripts\Shutdown" bkp:Location="DomainSysvol\GPO\Machine\Scripts\Shutdown"/><FSObjectDir bkp:Path="%GPO_MACH_FSPATH%\Scripts\Startup" bkp:SourceExpandedPath="\\cglabsazdc01.cglabs.work\sysvol\cglabs.work\Policies\{9027AADC-45CC-44C0-B6E8-0CB5E5E21DF1}\Machine\Scripts\Startup" bkp:Location="DomainSysvol\GPO\Machine\Scripts\Startup"/><FSObjectFile bkp:Path="%GPO_USER_FSPATH%\comment.cmtx" bkp:SourceExpandedPath="\\cglabsazdc01.cglabs.work\sysvol\cglabs.work\Policies\{9027AADC-45CC-44C0-B6E8-0CB5E5E21DF1}\User\comment.cmtx" bkp:Location="DomainSysvol\GPO\User\comment.cmtx"/><FSObjectDir bkp:Path="%GPO_USER_FSPATH%\Documents &amp; Settings" bkp:SourceExpandedPath="\\cglabsazdc01.cglabs.work\sysvol\cglabs.work\Policies\{9027AADC-45CC-44C0-B6E8-0CB5E5E21DF1}\User\Documents &amp; Settings" bkp:Location="DomainSysvol\GPO\User\Documents &amp; Settings"/><FSObjectDir bkp:Path="%GPO_USER_FSPATH%\Scripts" bkp:SourceExpandedPath="\\cglabsazdc01.cglabs.work\sysvol\cglabs.work\Policies\{9027AADC-45CC-44C0-B6E8-0CB5E5E21DF1}\User\Scripts" bkp:Location="DomainSysvol\GPO\User\Scripts"/><FSObjectDir bkp:Path="%GPO_USER_FSPATH%\Scripts\Logoff" bkp:SourceExpandedPath="\\cglabsazdc01.cglabs.work\sysvol\cglabs.work\Policies\{9027AADC-45CC-44C0-B6E8-0CB5E5E21DF1}\User\Scripts\Logoff" bkp:Location="DomainSysvol\GPO\User\Scripts\Logoff"/><FSObjectDir bkp:Path="%GPO_USER_FSPATH%\Scripts\Logon" bkp:SourceExpandedPath="\\cglabsazdc01.cglabs.work\sysvol\cglabs.work\Policies\{9027AADC-45CC-44C0-B6E8-0CB5E5E21DF1}\User\Scripts\Logon" bkp:Location="DomainSysvol\GPO\User\Scripts\Logon"/></GroupPolicyExtension></GroupPolicyObject>
</GroupPolicyBackupScheme>