<BackupInst xmlns="http://www.microsoft.com/GroupPolicy/GPOOperations/Manifest"><GPOGuid><![CDATA[{9027AADC-45CC-44C0-B6E8-0CB5E5E21DF1}]]></GPOGuid><GPODomain><![CDATA[cglabs.work]]></GPODomain><GPODomainGuid><![CDATA[{ab70256d-fa5d-4858-b501-dbcce89db56d}]]></GPODomainGuid><GPODomainController><![CDATA[cglabsazdc01.cglabs.work]]></GPODomainController><BackupTime><![CDATA[2023-10-26T17:46:36]]></BackupTime><ID><![CDATA[{C4AC0AD0-A6C8-4A97-821C-D2DDA983B0A3}]]></ID><Comment><![CDATA[Export of AVD Recommended GPO Settings]]></Comment><GPODisplayName><![CDATA[AVDPolicy]]></GPODisplayName></BackupInst>
